block,log_index,ts,kind,tick_lower,tick_upper,amount
52418978,1051,1791627303,mint,-314000,-313800,9901626281423786961
52418979,417,1791627305,mint,-314000,-313800,334604599994139056
52418979,421,1791627305,burn,-314000,-313800,0
52418980,616,1791627307,burn,-314000,-313800,0
52418990,227,1791627327,burn,-314000,-313800,0
52418990,236,1791627327,burn,-314000,-313800,84679364705098254710
52418990,697,1791627327,mint,-314000,-313800,28034150894308555010
52418990,700,1791627327,burn,-314000,-313800,0
52419005,333,1791627357,burn,-314000,-313800,0
52419005,347,1791627357,burn,-314000,-313800,0
52419005,356,1791627357,burn,-314000,-313800,334604599994139056
52419005,378,1791627357,burn,-314000,-313800,9901626281423786961
52419006,212,1791627359,mint,-314000,-313800,334604599248506594
52419006,216,1791627359,burn,-314000,-313800,0
52419007,473,1791627361,mint,-314000,-313800,9901626281423786961
52419008,1160,1791627363,burn,-314000,-313800,0
52419010,346,1791627367,burn,-314000,-313800,0
52419010,355,1791627367,burn,-314000,-313800,28034150894308555010
52419010,774,1791627367,burn,-314000,-313800,0
52419010,783,1791627367,burn,-314000,-313800,0
52419010,792,1791627367,burn,-314000,-313800,334604599248506594
52419010,803,1791627367,burn,-314000,-313800,9901626281423786961
52419010,1084,1791627367,mint,-314000,-313800,74415704664322346671
52419010,1087,1791627367,burn,-314000,-313800,0
52419011,404,1791627369,mint,-314000,-313800,334604598502874132
52419011,408,1791627369,burn,-314000,-313800,0
52419013,347,1791627373,mint,-314000,-313800,9901626281423786961
52419015,182,1791627377,burn,-314000,-313800,0
52419018,405,1791627383,burn,-314000,-313800,0
52419018,414,1791627383,burn,-314000,-313800,334604598502874132
52419023,136,1791627393,mint,-314000,-313800,333821632287215631
52419023,140,1791627393,burn,-314000,-313800,0
52419024,302,1791627395,burn,-314000,-313800,0
52419024,311,1791627395,burn,-314000,-313800,333821632287215631
52419025,230,1791627397,mint,-314000,-313800,333821631545076135
52419025,234,1791627397,burn,-314000,-313800,0
52419030,233,1791627407,burn,-314000,-313800,0
52419030,242,1791627407,burn,-314000,-313800,74415704664322346671
52419030,642,1791627407,mint,-314000,-313800,84651152575456999668
52419030,645,1791627407,burn,-314000,-313800,0
52419039,300,1791627425,mint,-314000,-313800,314418566738313824459
52419039,306,1791627425,burn,-314000,-313800,0
52419050,250,1791627447,burn,-314000,-313800,0
52419050,259,1791627447,burn,-314000,-313800,84651152575456999668
52419050,1034,1791627447,mint,-314000,-313800,91921440222955781832
52419050,1037,1791627447,burn,-314000,-313800,0
52419062,605,1791627471,burn,-314000,-313800,0
52419062,666,1791627471,burn,-314000,-313800,9901626281423786961
52419063,402,1791627473,mint,-314000,-313800,26423316265602122832
52419063,406,1791627473,burn,-314000,-313800,0
52419070,321,1791627487,burn,-314000,-313800,0
52419070,330,1791627487,burn,-314000,-313800,91921440222955781832
52419070,783,1791627487,mint,-314000,-313800,197542881239437198817
52419070,786,1791627487,burn,-314000,-313800,0
52419071,383,1791627489,burn,-314000,-313800,0
52419071,392,1791627489,burn,-314000,-313800,333821631545076135
52419075,373,1791627497,mint,-314000,-313800,333821630802936639
52419075,377,1791627497,burn,-314000,-313800,0
52419077,97,1791627501,burn,-314000,-313800,0
52419077,106,1791627501,burn,-314000,-313800,333821630802936639
52419080,402,1791627507,mint,-314000,-313800,333821630060797143
52419080,406,1791627507,burn,-314000,-313800,0
52419081,1094,1791627509,burn,-314000,-313800,0
52419081,1103,1791627509,burn,-314000,-313800,333821630060797143
52419083,682,1791627513,mint,-314000,-313800,333821629318657647
52419083,686,1791627513,burn,-314000,-313800,0
52419085,447,1791627517,burn,-314000,-313800,0
52419085,456,1791627517,burn,-314000,-313800,333821629318657647
52419086,263,1791627519,mint,-314000,-313800,333821628576518151
52419086,267,1791627519,burn,-314000,-313800,0
52419088,332,1791627523,burn,-314000,-313800,0
52419088,341,1791627523,burn,-314000,-313800,333821628576518151
52419089,120,1791627525,mint,-314000,-313800,333629048343525512
52419089,124,1791627525,burn,-314000,-313800,0
52419089,271,1791627525,burn,-314000,-313800,0
52419089,280,1791627525,burn,-314000,-313800,26423316265602122832
52419090,371,1791627527,burn,-314000,-313800,0
52419090,380,1791627527,burn,-314000,-313800,197542881239437198817
52419090,604,1791627527,mint,-314000,-313800,26423313216689818968
52419090,608,1791627527,burn,-314000,-313800,0
52419090,1112,1791627527,mint,-314000,-313800,195661526427604292789
52419090,1115,1791627527,burn,-314000,-313800,0
52419104,218,1791627555,burn,-314000,-313800,0
52419104,227,1791627555,burn,-314000,-313800,333629048343525512
52419104,317,1791627555,burn,-314000,-313800,0
52419104,326,1791627555,burn,-314000,-313800,26423313216689818968
