tick,net
-887200,4.838291653648645e+15
-352400,4.862419297360714e+17
-345400,0
-336400,0
-329400,0
-329200,0
-325800,1.1807336528621e+13
-325600,-1.1807336528621e+13
-324800,4.5378977390115104e+17
-322800,0
-322400,-16
-320600,5.863935543957518e+17
-319400,0
-319200,0
-319000,1
-318800,5.5969844857496e+13
-318600,0
-318400,1.095330529853142e+18
-318200,1.693016615783469e+15
-318000,4.8592763589232e+14
-317800,0
-317600,1.3667407451819753e+18
-317400,1.218653728389396e+15
-317200,2.25510788148798e+14
-317000,1.3357449287719867e+18
-316800,1.3994388311843284e+16
-316600,6.264850168183067e+16
-316400,5.81823913673133e+16
-316200,6.742952091188595e+16
-316000,-3.702532910486251e+16
-315800,4.339876341260764e+17
-315600,-2.975480102853017e+17
-315400,-3.036866314770626e+15
-315200,-1.6797315176910702e+16
-315000,1.07180217584765e+15
-314800,-5.538070936707581e+15
-314600,3.810515744068512e+16
-314400,4.0682659345212384e+17
-314200,6.732999096017976e+15
-314000,1.5313422832495637e+20
-313800,-1.5215518157347763e+20
-313600,-1.43048662693026e+18
-313400,-4.484821714565792e+17
-313200,-9.911860944690675e+17
-313000,-3.77944597251133e+16
-312800,-2.1976066267132803e+17
-312600,-3.816112728515875e+16
-312400,-4.5378977390115104e+17
-312200,-1.0872240168409986e+17
-312000,-1.2569894675843152e+16
-311800,0
-311600,-1.2049680708051144e+16
-311400,-8
-311200,0
-311000,-1.918527403932278e+15
-310800,0
-310400,0
-310200,0
-309800,4
-309400,-3.77370564387052e+14
-308600,-1.0755627578693921e+18
-308400,-5.86393554395752e+17
-308200,0
-306200,-3.717312535392742e+16
-303800,-1.095330529853142e+18
-303600,0
-301600,0
-299400,-4.862419297360714e+17
887200,-4.838291653648645e+15
